ts_micro,frame,wheel
1.4643E+15,0,1.5
1.4643E+15,1,1.5
1.4643E+15,2,1.5
1.4643E+15,3,1.5
1.4643E+15,4,1.5
1.4643E+15,5,1
1.4643E+15,6,1
1.4643E+15,7,1
1.4643E+15,8,1
1.4643E+15,9,0.5
1.4643E+15,10,0.5
1.4643E+15,11,0.5
1.4643E+15,12,0.5
1.4643E+15,13,0.5
1.4643E+15,14,0.5
1.4643E+15,15,0.5
1.4643E+15,16,0.5
1.4643E+15,17,0.5
1.4643E+15,18,0.5
1.4643E+15,19,0.5
1.4643E+15,20,0.5
1.4643E+15,21,0
1.4643E+15,22,0
1.4643E+15,23,0
1.4643E+15,24,0
1.4643E+15,25,0
1.4643E+15,26,-0.5
1.4643E+15,27,-0.5
1.4643E+15,28,-0.5
1.4643E+15,29,-0.5
1.4643E+15,30,-0.5
1.4643E+15,31,-0.5
1.4643E+15,32,-0.5
1.4643E+15,33,-0.5
1.4643E+15,34,-0.5
1.4643E+15,35,-0.5
1.4643E+15,36,-0.5
1.4643E+15,37,-0.5
1.4643E+15,38,-0.5
1.4643E+15,39,0
1.4643E+15,40,0
1.4643E+15,41,0
1.4643E+15,42,0
1.4643E+15,43,0
1.4643E+15,44,0
1.4643E+15,45,0
1.4643E+15,46,0
1.4643E+15,47,-0.5
1.4643E+15,48,-0.5
1.4643E+15,49,-0.5
1.4643E+15,50,-0.5
1.4643E+15,51,0
1.4643E+15,52,0
1.4643E+15,53,0
1.4643E+15,54,0
1.4643E+15,55,0
1.4643E+15,56,0
1.4643E+15,57,0
1.4643E+15,58,0
1.4643E+15,59,0
1.4643E+15,60,0
1.4643E+15,61,0
1.4643E+15,62,0
1.4643E+15,63,0
1.4643E+15,64,0.5
1.4643E+15,65,0.5
1.4643E+15,66,0.5
1.4643E+15,67,0.5
1.4643E+15,68,0.5
1.4643E+15,69,0.5
1.4643E+15,70,0.5
1.4643E+15,71,0.5
1.4643E+15,72,0.5
1.4643E+15,73,0.5
1.4643E+15,74,0.5
1.4643E+15,75,0.5
1.4643E+15,76,0.5
1.4643E+15,77,0.5
1.4643E+15,78,0.5
1.4643E+15,79,0.5
1.4643E+15,80,0.5
1.4643E+15,81,0.5
1.4643E+15,82,0.5
1.4643E+15,83,0.5
1.4643E+15,84,0.5
1.4643E+15,85,0.5
1.4643E+15,86,0.5
1.4643E+15,87,0.5
1.4643E+15,88,0.5
1.4643E+15,89,0.5
1.4643E+15,90,0.5
1.4643E+15,91,0.5
1.4643E+15,92,1
1.4643E+15,93,1
1.4643E+15,94,1
1.4643E+15,95,1
1.4643E+15,96,1
1.4643E+15,97,1
1.4643E+15,98,1
1.4643E+15,99,1
1.4643E+15,100,1
1.4643E+15,101,1
1.4643E+15,102,1
1.4643E+15,103,1
1.4643E+15,104,1
1.4643E+15,105,1
1.4643E+15,106,1
1.4643E+15,107,1
1.4643E+15,108,1
1.4643E+15,109,1
1.4643E+15,110,1.5
1.4643E+15,111,2
1.4643E+15,112,2
1.4643E+15,113,2
1.4643E+15,114,2
1.4643E+15,115,2
1.4643E+15,116,2
1.4643E+15,117,2
1.4643E+15,118,2
1.4643E+15,119,2
1.4643E+15,120,2
1.4643E+15,121,2
1.4643E+15,122,1.5
1.4643E+15,123,1.5
1.4643E+15,124,1.5
1.4643E+15,125,1.5
1.4643E+15,126,1.5
1.4643E+15,127,1.5
1.4643E+15,128,1.5
1.4643E+15,129,1.5
1.4643E+15,130,1.5
1.4643E+15,131,1.5
1.4643E+15,132,1.5
1.4643E+15,133,1
1.4643E+15,134,1
1.4643E+15,135,1
1.4643E+15,136,1
1.4643E+15,137,0.5
1.4643E+15,138,0.5
1.4643E+15,139,0.5
1.4643E+15,140,0.5
1.4643E+15,141,0.5
1.4643E+15,142,0.5
1.4643E+15,143,0.5
1.4643E+15,144,0.5
1.4643E+15,145,0.5
1.4643E+15,146,0.5
1.4643E+15,147,0.5
1.4643E+15,148,0
1.4643E+15,149,0
1.4643E+15,150,0
1.4643E+15,151,0
1.4643E+15,152,0
1.4643E+15,153,0
1.4643E+15,154,0
1.4643E+15,155,0
1.4643E+15,156,0.5
1.4643E+15,157,0.5
1.4643E+15,158,0.5
1.4643E+15,159,0.5
1.4643E+15,160,0.5
1.4643E+15,161,0.5
1.4643E+15,162,0.5
1.4643E+15,163,0.5
1.4643E+15,164,0.5
1.4643E+15,165,0.5
1.4643E+15,166,0.5
1.4643E+15,167,0.5
1.4643E+15,168,0.5
1.4643E+15,169,0.5
1.4643E+15,170,0.5
1.4643E+15,171,0.5
1.4643E+15,172,0.5
1.4643E+15,173,0.5
1.4643E+15,174,0.5
1.4643E+15,175,0.5
1.4643E+15,176,0.5
1.4643E+15,177,0.5
1.4643E+15,178,0.5
1.4643E+15,179,0.5
1.4643E+15,180,0.5
1.4643E+15,181,0.5
1.4643E+15,182,0.5
1.4643E+15,183,0.5
1.4643E+15,184,0.5
1.4643E+15,185,0.5
1.4643E+15,186,0.5
1.4643E+15,187,0.5
1.4643E+15,188,0.5
1.4643E+15,189,0
1.4643E+15,190,0
1.4643E+15,191,-0.5
1.4643E+15,192,-0.5
1.4643E+15,193,-0.5
1.4643E+15,194,-0.5
1.4643E+15,195,-0.5
1.4643E+15,196,-0.5
1.4643E+15,197,-0.5
1.4643E+15,198,-0.5
1.4643E+15,199,-0.5
1.4643E+15,200,-0.5
1.4643E+15,201,-0.5
1.4643E+15,202,-0.5
1.4643E+15,203,0
1.4643E+15,204,0
1.4643E+15,205,0
1.4643E+15,206,0
1.4643E+15,207,0
1.4643E+15,208,0
1.4643E+15,209,0
1.4643E+15,210,0
1.4643E+15,211,-0.5
1.4643E+15,212,-0.5
1.4643E+15,213,-0.5
1.4643E+15,214,-0.5
1.4643E+15,215,0
1.4643E+15,216,0
1.4643E+15,217,0
1.4643E+15,218,0
1.4643E+15,219,0
1.4643E+15,220,0
1.4643E+15,221,0
1.4643E+15,222,0
1.4643E+15,223,0
1.4643E+15,224,0
1.4643E+15,225,0
1.4643E+15,226,0
1.4643E+15,227,0
1.4643E+15,228,0
1.4643E+15,229,0
1.4643E+15,230,0
1.4643E+15,231,0
1.4643E+15,232,0
1.4643E+15,233,0
1.4643E+15,234,0
1.4643E+15,235,0
1.4643E+15,236,0
1.4643E+15,237,0
1.4643E+15,238,0
1.4643E+15,239,0
1.4643E+15,240,0
1.4643E+15,241,0
1.4643E+15,242,0
1.4643E+15,243,0
1.4643E+15,244,0
1.4643E+15,245,0
1.4643E+15,246,0
1.4643E+15,247,0
1.4643E+15,248,0
1.4643E+15,249,0
1.4643E+15,250,0
1.4643E+15,251,0
1.4643E+15,252,0
1.4643E+15,253,0
1.4643E+15,254,0
1.4643E+15,255,0
1.4643E+15,256,0
1.4643E+15,257,0
1.4643E+15,258,0
1.4643E+15,259,0
1.4643E+15,260,-0.5
1.4643E+15,261,-0.5
1.4643E+15,262,-0.5
1.4643E+15,263,-0.5
1.4643E+15,264,-1
1.4643E+15,265,-1
1.4643E+15,266,-1
1.4643E+15,267,-1
1.4643E+15,268,-1
1.4643E+15,269,-1
1.4643E+15,270,-1
1.4643E+15,271,-1
1.4643E+15,272,-1
1.4643E+15,273,-1
1.4643E+15,274,-1.5
1.4643E+15,275,-1.5
1.4643E+15,276,-1.5
1.4643E+15,277,-1.5
1.4643E+15,278,-1.5
1.4643E+15,279,-1.5
1.4643E+15,280,-1.5
1.4643E+15,281,-1.5
1.4643E+15,282,-1
1.4643E+15,283,-0.5
1.4643E+15,284,-0.5
1.4643E+15,285,-0.5
1.4643E+15,286,-0.5
1.4643E+15,287,-0.5
1.4643E+15,288,-0.5
1.4643E+15,289,-0.5
1.4643E+15,290,-0.5
1.4643E+15,291,-0.5
1.4643E+15,292,-0.5
1.4643E+15,293,-0.5
1.4643E+15,294,-0.5
1.4643E+15,295,-0.5
1.4643E+15,296,-0.5
1.4643E+15,297,-0.5
1.4643E+15,298,-0.5
1.4643E+15,299,-0.5
1.4643E+15,300,-0.5
1.4643E+15,301,-0.5
1.4643E+15,302,-0.5
1.4643E+15,303,-0.5
1.4643E+15,304,-0.5
1.4643E+15,305,-0.5
1.4643E+15,306,-0.5
1.4643E+15,307,-0.5
1.4643E+15,308,-0.5
1.4643E+15,309,-0.5
1.4643E+15,310,-0.5
1.4643E+15,311,-0.5
1.4643E+15,312,0
1.4643E+15,313,0
1.4643E+15,314,0
1.4643E+15,315,0
1.4643E+15,316,0
1.4643E+15,317,0
1.4643E+15,318,0.5
1.4643E+15,319,0.5
1.4643E+15,320,1
1.4643E+15,321,1
1.4643E+15,322,1
1.4643E+15,323,1.5
1.4643E+15,324,1.5
1.4643E+15,325,1.5
1.4643E+15,326,1.5
1.4643E+15,327,2
1.4643E+15,328,2
1.4643E+15,329,2
1.4643E+15,330,2
1.4643E+15,331,2
1.4643E+15,332,2
1.4643E+15,333,2.5
1.4643E+15,334,2.5
1.4643E+15,335,2.5
1.4643E+15,336,2.5
1.4643E+15,337,2.5
1.4643E+15,338,2.5
1.4643E+15,339,2.5
1.4643E+15,340,2.5
1.4643E+15,341,2.5
1.4643E+15,342,2
1.4643E+15,343,2
1.4643E+15,344,2
1.4643E+15,345,2
1.4643E+15,346,2
1.4643E+15,347,2
1.4643E+15,348,2
1.4643E+15,349,2
1.4643E+15,350,2
1.4643E+15,351,2
1.4643E+15,352,2
1.4643E+15,353,2
1.4643E+15,354,2
1.4643E+15,355,2
1.4643E+15,356,2
1.4643E+15,357,2
1.4643E+15,358,1.5
1.4643E+15,359,1.5
1.4643E+15,360,1.5
1.4643E+15,361,1.5
1.4643E+15,362,1.5
1.4643E+15,363,1.5
1.4643E+15,364,1
1.4643E+15,365,1
1.4643E+15,366,0.5
1.4643E+15,367,0.5
1.4643E+15,368,0
1.4643E+15,369,0
1.4643E+15,370,0
1.4643E+15,371,0
1.4643E+15,372,0
1.4643E+15,373,0
1.4643E+15,374,0
1.4643E+15,375,0
1.4643E+15,376,0
1.4643E+15,377,0
1.4643E+15,378,0
1.4643E+15,379,-0.5
1.4643E+15,380,-0.5
1.4643E+15,381,-0.5
1.4643E+15,382,-0.5
1.4643E+15,383,-0.5
1.4643E+15,384,-0.5
1.4643E+15,385,-0.5
1.4643E+15,386,-0.5
1.4643E+15,387,-0.5
1.4643E+15,388,-0.5
1.4643E+15,389,-0.5
1.4643E+15,390,-0.5
1.4643E+15,391,0
1.4643E+15,392,0
1.4643E+15,393,0
1.4643E+15,394,0
1.4643E+15,395,0
1.4643E+15,396,0
1.4643E+15,397,0
1.4643E+15,398,0
1.4643E+15,399,0
1.4643E+15,400,0
1.4643E+15,401,0
1.4643E+15,402,0
1.4643E+15,403,0
1.4643E+15,404,0
1.4643E+15,405,0
1.4643E+15,406,0
1.4643E+15,407,0.5
1.4643E+15,408,0.5
1.4643E+15,409,0.5
1.4643E+15,410,1
1.4643E+15,411,1
1.4643E+15,412,1
1.4643E+15,413,1
1.4643E+15,414,1
1.4643E+15,415,1
1.4643E+15,416,0.5
1.4643E+15,417,0.5
1.4643E+15,418,0.5
1.4643E+15,419,0.5
1.4643E+15,420,0.5
1.4643E+15,421,0.5
1.4643E+15,422,0.5
1.4643E+15,423,0.5
1.4643E+15,424,0
1.4643E+15,425,0
1.4643E+15,426,0
1.4643E+15,427,0
1.4643E+15,428,0
1.4643E+15,429,-0.5
1.4643E+15,430,-0.5
1.4643E+15,431,-0.5
1.4643E+15,432,-0.5
1.4643E+15,433,-0.5
1.4643E+15,434,-0.5
1.4643E+15,435,-0.5
1.4643E+15,436,-0.5
1.4643E+15,437,-0.5
1.4643E+15,438,-0.5
1.4643E+15,439,-0.5
1.4643E+15,440,-0.5
1.4643E+15,441,0
1.4643E+15,442,0
1.4643E+15,443,0
1.4643E+15,444,0
1.4643E+15,445,0
1.4643E+15,446,0
1.4643E+15,447,0
1.4643E+15,448,0
1.4643E+15,449,0.5
1.4643E+15,450,0.5
1.4643E+15,451,0.5
1.4643E+15,452,0
1.4643E+15,453,0
1.4643E+15,454,0
1.4643E+15,455,0
1.4643E+15,456,0
1.4643E+15,457,-0.5
1.4643E+15,458,-0.5
1.4643E+15,459,-0.5
1.4643E+15,460,-0.5
1.4643E+15,461,-0.5
1.4643E+15,462,-0.5
1.4643E+15,463,-0.5
1.4643E+15,464,-0.5
1.4643E+15,465,-0.5
1.4643E+15,466,-0.5
1.4643E+15,467,-0.5
1.4643E+15,468,-0.5
1.4643E+15,469,-0.5
1.4643E+15,470,-0.5
1.4643E+15,471,-0.5
1.4643E+15,472,-0.5
1.4643E+15,473,-0.5
1.4643E+15,474,0
1.4643E+15,475,0
1.4643E+15,476,0
1.4643E+15,477,0
1.4643E+15,478,0
1.4643E+15,479,0
1.4643E+15,480,0
1.4643E+15,481,0
1.4643E+15,482,0
1.4643E+15,483,0
1.4643E+15,484,0
1.4643E+15,485,0
1.4643E+15,486,0
1.4643E+15,487,0.5
1.4643E+15,488,0.5
1.4643E+15,489,0.5
1.4643E+15,490,0.5
1.4643E+15,491,0
1.4643E+15,492,0
1.4643E+15,493,0
1.4643E+15,494,0
1.4643E+15,495,0
1.4643E+15,496,0
1.4643E+15,497,0.5
1.4643E+15,498,0.5
1.4643E+15,499,0.5
1.4643E+15,500,0.5
1.4643E+15,501,0.5
1.4643E+15,502,0.5
1.4643E+15,503,0.5
1.4643E+15,504,0.5
1.4643E+15,505,0.5
1.4643E+15,506,0.5
1.4643E+15,507,0.5
1.4643E+15,508,0.5
1.4643E+15,509,0.5
1.4643E+15,510,0.5
1.4643E+15,511,0.5
1.4643E+15,512,0.5
1.4643E+15,513,0.5
1.4643E+15,514,0.5
1.4643E+15,515,0.5
1.4643E+15,516,0.5
1.4643E+15,517,0.5
1.4643E+15,518,0.5
1.4643E+15,519,0
1.4643E+15,520,0
1.4643E+15,521,0
1.4643E+15,522,0
1.4643E+15,523,0
1.4643E+15,524,0
1.4643E+15,525,0
1.4643E+15,526,0
1.4643E+15,527,0
1.4643E+15,528,0
1.4643E+15,529,0
1.4643E+15,530,0
1.4643E+15,531,0
1.4643E+15,532,0
1.4643E+15,533,0.5
1.4643E+15,534,0.5
1.4643E+15,535,0.5
1.4643E+15,536,0
1.4643E+15,537,0
1.4643E+15,538,0
1.4643E+15,539,0
1.4643E+15,540,-0.5
1.4643E+15,541,-0.5
1.4643E+15,542,-0.5
1.4643E+15,543,-0.5
1.4643E+15,544,-0.5
1.4643E+15,545,-0.5
1.4643E+15,546,0
1.4643E+15,547,0
1.4643E+15,548,0
1.4643E+15,549,0
1.4643E+15,550,0
1.4643E+15,551,0
1.4643E+15,552,0
1.4643E+15,553,0
1.4643E+15,554,0.5
1.4643E+15,555,0.5
1.4643E+15,556,0.5
1.4643E+15,557,0.5
1.4643E+15,558,0.5
1.4643E+15,559,0.5
1.4643E+15,560,0.5
1.4643E+15,561,0.5
1.4643E+15,562,0.5
1.4643E+15,563,0.5
1.4643E+15,564,0.5
1.4643E+15,565,0.5
1.4643E+15,566,0.5
1.4643E+15,567,0.5
1.4643E+15,568,0.5
1.4643E+15,569,0.5
1.4643E+15,570,0.5
1.4643E+15,571,0.5
1.4643E+15,572,0.5
1.4643E+15,573,0.5
1.4643E+15,574,0.5
1.4643E+15,575,0.5
1.4643E+15,576,0.5
1.4643E+15,577,0.5
1.4643E+15,578,0.5
1.4643E+15,579,0.5
1.4643E+15,580,0.5
1.4643E+15,581,0
1.4643E+15,582,0
1.4643E+15,583,0
1.4643E+15,584,0
1.4643E+15,585,0
1.4643E+15,586,0
1.4643E+15,587,0
1.4643E+15,588,0
1.4643E+15,589,0
1.4643E+15,590,0
1.4643E+15,591,0
1.4643E+15,592,0
1.4643E+15,593,0
1.4643E+15,594,0
1.4643E+15,595,0
1.4643E+15,596,0
1.4643E+15,597,0
1.4643E+15,598,0
1.4643E+15,599,0
1.4643E+15,600,0
1.4643E+15,601,0
1.4643E+15,602,0
1.4643E+15,603,0
1.4643E+15,604,0
1.4643E+15,605,0
1.4643E+15,606,0
1.4643E+15,607,0
1.4643E+15,608,0
1.4643E+15,609,0
1.4643E+15,610,0
1.4643E+15,611,0
1.4643E+15,612,0
1.4643E+15,613,0.5
1.4643E+15,614,0.5
1.4643E+15,615,0.5
1.4643E+15,616,0.5
1.4643E+15,617,0.5
1.4643E+15,618,0.5
1.4643E+15,619,0.5
1.4643E+15,620,0.5
1.4643E+15,621,0.5
1.4643E+15,622,0.5
1.4643E+15,623,0.5
1.4643E+15,624,0.5
1.4643E+15,625,0.5
1.4643E+15,626,0.5
1.4643E+15,627,0.5
1.4643E+15,628,0.5
1.4643E+15,629,0.5
1.4643E+15,630,0.5
1.4643E+15,631,0.5
1.4643E+15,632,0.5
1.4643E+15,633,0.5
1.4643E+15,634,0.5
1.4643E+15,635,0.5
1.4643E+15,636,0.5
1.4643E+15,637,0.5
1.4643E+15,638,0.5
1.4643E+15,639,0.5
1.4643E+15,640,0.5
1.4643E+15,641,0.5
1.4643E+15,642,1
1.4643E+15,643,1
1.4643E+15,644,1
1.4643E+15,645,1
1.4643E+15,646,1
1.4643E+15,647,1.5
1.4643E+15,648,1.5
1.4643E+15,649,1.5
1.4643E+15,650,1.5
1.4643E+15,651,1.5
1.4643E+15,652,1.5
1.4643E+15,653,1.5
1.4643E+15,654,1.5
1.4643E+15,655,1.5
1.4643E+15,656,1.5
1.4643E+15,657,1.5
1.4643E+15,658,1.5
1.4643E+15,659,1.5
1.4643E+15,660,1.5
1.4643E+15,661,1.5
1.4643E+15,662,1.5
1.4643E+15,663,1.5
1.4643E+15,664,1.5
1.4643E+15,665,1.5
1.4643E+15,666,1.5
1.4643E+15,667,1.5
1.4643E+15,668,1.5
1.4643E+15,669,1.5
1.4643E+15,670,1.5
1.4643E+15,671,1.5
1.4643E+15,672,1.5
1.4643E+15,673,1.5
1.4643E+15,674,1.5
1.4643E+15,675,1.5
1.4643E+15,676,1.5
1.4643E+15,677,1.5
1.4643E+15,678,1.5
1.4643E+15,679,1.5
1.4643E+15,680,1.5
1.4643E+15,681,1.5
1.4643E+15,682,1.5
1.4643E+15,683,1.5
1.4643E+15,684,1.5
1.4643E+15,685,1.5
1.4643E+15,686,1.5
1.4643E+15,687,1.5
1.4643E+15,688,1.5
1.4643E+15,689,1.5
1.4643E+15,690,1.5
1.4643E+15,691,1.5
1.4643E+15,692,1
1.4643E+15,693,1
1.4643E+15,694,1
1.4643E+15,695,1
1.4643E+15,696,1
1.4643E+15,697,1
1.4643E+15,698,1
1.4643E+15,699,1
1.4643E+15,700,1
1.4643E+15,701,1
1.4643E+15,702,1
1.4643E+15,703,1
1.4643E+15,704,0.5
1.4643E+15,705,0.5
1.4643E+15,706,0.5
1.4643E+15,707,0.5
1.4643E+15,708,0
1.4643E+15,709,0
1.4643E+15,710,0
1.4643E+15,711,0
1.4643E+15,712,0
1.4643E+15,713,0
1.4643E+15,714,0
1.4643E+15,715,0
1.4643E+15,716,-0.5
1.4643E+15,717,-0.5
1.4643E+15,718,-0.5
1.4643E+15,719,-0.5
1.4643E+15,720,-0.5
1.4643E+15,721,-0.5
1.4643E+15,722,-0.5
1.4643E+15,723,-0.5
1.4643E+15,724,-0.5
1.4643E+15,725,-0.5
1.4643E+15,726,-0.5
1.4643E+15,727,-0.5
1.4643E+15,728,-1
1.4643E+15,729,-1
1.4643E+15,730,-1
1.4643E+15,731,-1
1.4643E+15,732,-1
1.4643E+15,733,-1
1.4643E+15,734,-1
1.4643E+15,735,-1
1.4643E+15,736,-1
1.4643E+15,737,-1
1.4643E+15,738,-1
1.4643E+15,739,-1
1.4643E+15,740,-1.5
1.4643E+15,741,-1.5
1.4643E+15,742,-1.5
1.4643E+15,743,-1.5
1.4643E+15,744,-1.5
1.4643E+15,745,-1.5
1.4643E+15,746,-1.5
1.4643E+15,747,-1
1.4643E+15,748,-1
1.4643E+15,749,-1
1.4643E+15,750,-1
1.4643E+15,751,-1
1.4643E+15,752,-1
1.4643E+15,753,-1
1.4643E+15,754,-1
1.4643E+15,755,-1
1.4643E+15,756,-1
1.4643E+15,757,-1
1.4643E+15,758,-1
1.4643E+15,759,-1
1.4643E+15,760,-1
1.4643E+15,761,-1
1.4643E+15,762,-1
1.4643E+15,763,-1
1.4643E+15,764,-1
1.4643E+15,765,-1
1.4643E+15,766,-1
1.4643E+15,767,-1
1.4643E+15,768,-1
1.4643E+15,769,-1
1.4643E+15,770,-1
1.4643E+15,771,-1
1.4643E+15,772,-1
1.4643E+15,773,-1
1.4643E+15,774,-0.5
1.4643E+15,775,0
1.4643E+15,776,0.5
1.4643E+15,777,0.5
1.4643E+15,778,1
1.4643E+15,779,1.5
1.4643E+15,780,1.5
1.4643E+15,781,1.5
1.4643E+15,782,1.5
1.4643E+15,783,1.5
1.4643E+15,784,1.5
1.4643E+15,785,1.5
1.4643E+15,786,1.5
1.4643E+15,787,1.5
1.4643E+15,788,1.5
1.4643E+15,789,1.5
1.4643E+15,790,1.5
1.4643E+15,791,1
1.4643E+15,792,1
1.4643E+15,793,1
1.4643E+15,794,0.5
1.4643E+15,795,0.5
1.4643E+15,796,0.5
1.4643E+15,797,0
1.4643E+15,798,-0.5
1.4643E+15,799,-0.5
1.4643E+15,800,-0.5
1.4643E+15,801,-1
1.4643E+15,802,-1
1.4643E+15,803,-1.5
1.4643E+15,804,-1.5
1.4643E+15,805,-2
1.4643E+15,806,-2.5
1.4643E+15,807,-3
1.4643E+15,808,-3
1.4643E+15,809,-3.5
1.4643E+15,810,-4
1.4643E+15,811,-4
1.4643E+15,812,-4
1.4643E+15,813,-4
1.4643E+15,814,-4.5
1.4643E+15,815,-4.5
1.4643E+15,816,-4.5
1.4643E+15,817,-4.5
1.4643E+15,818,-4.5
1.4643E+15,819,-5
1.4643E+15,820,-5.5
1.4643E+15,821,-6
1.4643E+15,822,-6.5
1.4643E+15,823,-6.5
1.4643E+15,824,-7
1.4643E+15,825,-7.5
1.4643E+15,826,-8
1.4643E+15,827,-9
1.4643E+15,828,-9.5
1.4643E+15,829,-10
1.4643E+15,830,-10
1.4643E+15,831,-10.5
1.4643E+15,832,-10.5
1.4643E+15,833,-10
1.4643E+15,834,-9.5
1.4643E+15,835,-9
1.4643E+15,836,-9
1.4643E+15,837,-9
1.4643E+15,838,-9.5
1.4643E+15,839,-10
1.4643E+15,840,-10.5
1.4643E+15,841,-11
1.4643E+15,842,-12.5
1.4643E+15,843,-13.5
1.4643E+15,844,-14
1.4643E+15,845,-14
1.4643E+15,846,-14
1.4643E+15,847,-14
1.4643E+15,848,-14
1.4643E+15,849,-14
1.4643E+15,850,-14
1.4643E+15,851,-13.5
1.4643E+15,852,-13.5
1.4643E+15,853,-13.5
1.4643E+15,854,-13
1.4643E+15,855,-12.5
1.4643E+15,856,-12.5
1.4643E+15,857,-12
1.4643E+15,858,-11.5
1.4643E+15,859,-11.5
1.4643E+15,860,-11
1.4643E+15,861,-11
1.4643E+15,862,-10.5
1.4643E+15,863,-10
1.4643E+15,864,-9.5
1.4643E+15,865,-9.5
1.4643E+15,866,-9.5
1.4643E+15,867,-9.5
1.4643E+15,868,-9.5
1.4643E+15,869,-9.5
1.4643E+15,870,-9.5
1.4643E+15,871,-9.5
1.4643E+15,872,-9.5
1.4643E+15,873,-9.5
1.4643E+15,874,-9.5
1.4643E+15,875,-9.5
1.4643E+15,876,-9.5
1.4643E+15,877,-9.5
1.4643E+15,878,-9.5
1.4643E+15,879,-9.5
1.4643E+15,880,-9.5
1.4643E+15,881,-9
1.4643E+15,882,-9
1.4643E+15,883,-9
1.4643E+15,884,-8.5
1.4643E+15,885,-8.5
1.4643E+15,886,-8
1.4643E+15,887,-8
1.4643E+15,888,-8
1.4643E+15,889,-8
1.4643E+15,890,-8
1.4643E+15,891,-8
1.4643E+15,892,-8
1.4643E+15,893,-8.5
1.4643E+15,894,-8.5
1.4643E+15,895,-8.5
1.4643E+15,896,-8.5
1.4643E+15,897,-8.5
1.4643E+15,898,-8.5
1.4643E+15,899,-8.5
1.4643E+15,900,-8.5
1.4643E+15,901,-8.5
1.4643E+15,902,-8.5
1.4643E+15,903,-8.5
1.4643E+15,904,-8.5
1.4643E+15,905,-8.5
1.4643E+15,906,-8.5
1.4643E+15,907,-8.5
1.4643E+15,908,-8.5
1.4643E+15,909,-8.5
1.4643E+15,910,-8.5
1.4643E+15,911,-8.5
1.4643E+15,912,-8.5
1.4643E+15,913,-8.5
1.4643E+15,914,-8
1.4643E+15,915,-8
1.4643E+15,916,-7.5
1.4643E+15,917,-7.5
1.4643E+15,918,-7.5
1.4643E+15,919,-7.5
1.4643E+15,920,-7.5
1.4643E+15,921,-7.5
1.4643E+15,922,-7.5
1.4643E+15,923,-7
1.4643E+15,924,-7
1.4643E+15,925,-7
1.4643E+15,926,-7
1.4643E+15,927,-7
1.4643E+15,928,-7
1.4643E+15,929,-7.5
1.4643E+15,930,-7.5
1.4643E+15,931,-7.5
1.4643E+15,932,-7.5
1.4643E+15,933,-7.5
1.4643E+15,934,-7.5
1.4643E+15,935,-7.5
1.4643E+15,936,-7.5
1.4643E+15,937,-7.5
1.4643E+15,938,-7.5
1.4643E+15,939,-7.5
1.4643E+15,940,-7.5
1.4643E+15,941,-8
1.4643E+15,942,-8
1.4643E+15,943,-8
1.4643E+15,944,-8
1.4643E+15,945,-8
1.4643E+15,946,-8
1.4643E+15,947,-8
1.4643E+15,948,-8
1.4643E+15,949,-8
1.4643E+15,950,-8
1.4643E+15,951,-8
1.4643E+15,952,-8
1.4643E+15,953,-8
1.4643E+15,954,-8
1.4643E+15,955,-8
1.4643E+15,956,-8
1.4643E+15,957,-8
1.4643E+15,958,-8
1.4643E+15,959,-8
1.4643E+15,960,-8
1.4643E+15,961,-8
1.4643E+15,962,-8
1.4643E+15,963,-8
1.4643E+15,964,-8
1.4643E+15,965,-8
1.4643E+15,966,-8
1.4643E+15,967,-8
1.4643E+15,968,-8
1.4643E+15,969,-8
1.4643E+15,970,-8
1.4643E+15,971,-8
1.4643E+15,972,-8
1.4643E+15,973,-8
1.4643E+15,974,-8
1.4643E+15,975,-8
1.4643E+15,976,-8
1.4643E+15,977,-8
1.4643E+15,978,-8
1.4643E+15,979,-8
1.4643E+15,980,-8
1.4643E+15,981,-8
1.4643E+15,982,-8
1.4643E+15,983,-8
1.4643E+15,984,-8
1.4643E+15,985,-8
1.4643E+15,986,-8
1.4643E+15,987,-8
1.4643E+15,988,-8
1.4643E+15,989,-8
1.4643E+15,990,-8
1.4643E+15,991,-8
1.4643E+15,992,-8
1.4643E+15,993,-8.5
1.4643E+15,994,-9
1.4643E+15,995,-9.5
1.4643E+15,996,-10
1.4643E+15,997,-10
1.4643E+15,998,-10
1.4643E+15,999,-10
1.4643E+15,1000,-10
1.4643E+15,1001,-10
1.4643E+15,1002,-10
1.4643E+15,1003,-10
1.4643E+15,1004,-10
1.4643E+15,1005,-10
1.4643E+15,1006,-10
1.4643E+15,1007,-10
1.4643E+15,1008,-10
1.4643E+15,1009,-10
1.4643E+15,1010,-10
1.4643E+15,1011,-10
1.4643E+15,1012,-9.5
1.4643E+15,1013,-9.5
1.4643E+15,1014,-9.5
1.4643E+15,1015,-9.5
1.4643E+15,1016,-9.5
1.4643E+15,1017,-9.5
1.4643E+15,1018,-9.5
1.4643E+15,1019,-9.5
1.4643E+15,1020,-9
1.4643E+15,1021,-9
1.4643E+15,1022,-9.5
1.4643E+15,1023,-9.5
1.4643E+15,1024,-9.5
1.4643E+15,1025,-9.5
1.4643E+15,1026,-9.5
1.4643E+15,1027,-9.5
1.4643E+15,1028,-9.5
1.4643E+15,1029,-9.5
1.4643E+15,1030,-9.5
1.4643E+15,1031,-9.5
1.4643E+15,1032,-9.5
1.4643E+15,1033,-9.5
1.4643E+15,1034,-9.5
1.4643E+15,1035,-9.5
1.4643E+15,1036,-9
1.4643E+15,1037,-9
1.4643E+15,1038,-8.5
1.4643E+15,1039,-8
1.4643E+15,1040,-8
1.4643E+15,1041,-7.5
1.4643E+15,1042,-7.5
1.4643E+15,1043,-7.5
1.4643E+15,1044,-7.5
1.4643E+15,1045,-7.5
1.4643E+15,1046,-7.5
1.4643E+15,1047,-7.5
1.4643E+15,1048,-7.5
1.4643E+15,1049,-7.5
1.4643E+15,1050,-7.5
1.4643E+15,1051,-8
1.4643E+15,1052,-8
1.4643E+15,1053,-8
1.4643E+15,1054,-8.5
1.4643E+15,1055,-8.5
1.4643E+15,1056,-8.5
1.4643E+15,1057,-9
1.4643E+15,1058,-9
1.4643E+15,1059,-9
1.4643E+15,1060,-9
1.4643E+15,1061,-9.5
1.4643E+15,1062,-10
1.4643E+15,1063,-10
1.4643E+15,1064,-10.5
1.4643E+15,1065,-10.5
1.4643E+15,1066,-10.5
1.4643E+15,1067,-10
1.4643E+15,1068,-10
1.4643E+15,1069,-10
1.4643E+15,1070,-10
1.4643E+15,1071,-10
1.4643E+15,1072,-10
1.4643E+15,1073,-10
1.4643E+15,1074,-10
1.4643E+15,1075,-10
1.4643E+15,1076,-10
1.4643E+15,1077,-10
1.4643E+15,1078,-10
1.4643E+15,1079,-10
1.4643E+15,1080,-10
1.4643E+15,1081,-10
1.4643E+15,1082,-10
1.4643E+15,1083,-9.5
1.4643E+15,1084,-9.5
1.4643E+15,1085,-9
1.4643E+15,1086,-9
1.4643E+15,1087,-9
1.4643E+15,1088,-9
1.4643E+15,1089,-8.5
1.4643E+15,1090,-8.5
1.4643E+15,1091,-8.5
1.4643E+15,1092,-8.5
1.4643E+15,1093,-9
1.4643E+15,1094,-9
1.4643E+15,1095,-9
1.4643E+15,1096,-9
1.4643E+15,1097,-8.5
1.4643E+15,1098,-8
1.4643E+15,1099,-7.5
1.4643E+15,1100,-7.5
1.4643E+15,1101,-7.5
1.4643E+15,1102,-7.5
1.4643E+15,1103,-7.5
1.4643E+15,1104,-7.5
1.4643E+15,1105,-7.5
1.4643E+15,1106,-8
1.4643E+15,1107,-8
1.4643E+15,1108,-8.5
1.4643E+15,1109,-8.5
1.4643E+15,1110,-8
1.4643E+15,1111,-8
1.4643E+15,1112,-7.5
1.4643E+15,1113,-7.5
1.4643E+15,1114,-8
1.4643E+15,1115,-8
1.4643E+15,1116,-8
1.4643E+15,1117,-7.5
1.4643E+15,1118,-7.5
1.4643E+15,1119,-8
1.4643E+15,1120,-8
1.4643E+15,1121,-8
1.4643E+15,1122,-8
1.4643E+15,1123,-8
1.4643E+15,1124,-8
1.4643E+15,1125,-7.5
1.4643E+15,1126,-7.5
1.4643E+15,1127,-7
1.4643E+15,1128,-7.5
1.4643E+15,1129,-7.5
1.4643E+15,1130,-7.5
1.4643E+15,1131,-7.5
1.4643E+15,1132,-7.5
1.4643E+15,1133,-8
1.4643E+15,1134,-8
1.4643E+15,1135,-8
1.4643E+15,1136,-8
1.4643E+15,1137,-8
1.4643E+15,1138,-8
1.4643E+15,1139,-8
1.4643E+15,1140,-7.5
1.4643E+15,1141,-7.5
1.4643E+15,1142,-7.5
1.4643E+15,1143,-7.5
1.4643E+15,1144,-8
1.4643E+15,1145,-8
1.4643E+15,1146,-8.5
1.4643E+15,1147,-8.5
1.4643E+15,1148,-8.5
1.4643E+15,1149,-8.5
1.4643E+15,1150,-8.5
1.4643E+15,1151,-8.5
1.4643E+15,1152,-8.5
1.4643E+15,1153,-8.5
1.4643E+15,1154,-8.5
1.4643E+15,1155,-8.5
1.4643E+15,1156,-8.5
1.4643E+15,1157,-8.5
1.4643E+15,1158,-8.5
1.4643E+15,1159,-8.5
1.4643E+15,1160,-8.5
1.4643E+15,1161,-8
1.4643E+15,1162,-7.5
1.4643E+15,1163,-7.5
1.4643E+15,1164,-6.5
1.4643E+15,1165,-6.5
1.4643E+15,1166,-6
1.4643E+15,1167,-6
1.4643E+15,1168,-6
1.4643E+15,1169,-6
1.4643E+15,1170,-5.5
1.4643E+15,1171,-5.5
1.4643E+15,1172,-5
1.4643E+15,1173,-5
1.4643E+15,1174,-5
1.4643E+15,1175,-4.5
1.4643E+15,1176,-4.5
1.4643E+15,1177,-4
1.4643E+15,1178,-3.5
1.4643E+15,1179,-3
1.4643E+15,1180,-3
1.4643E+15,1181,-2.5
1.4643E+15,1182,-2.5
1.4643E+15,1183,-2.5
1.4643E+15,1184,-2.5
1.4643E+15,1185,-3
1.4643E+15,1186,-3.5
1.4643E+15,1187,-4
1.4643E+15,1188,-4.5
1.4643E+15,1189,-5
1.4643E+15,1190,-5
1.4643E+15,1191,-4.5
1.4643E+15,1192,-4
1.4643E+15,1193,-3.5
1.4643E+15,1194,-3.5
1.4643E+15,1195,-3.5
1.4643E+15,1196,-3.5
1.4643E+15,1197,-3.5
1.4643E+15,1198,-3
1.4643E+15,1199,-3
1.4643E+15,1200,-3
1.4643E+15,1201,-2.5
1.4643E+15,1202,-2
1.4643E+15,1203,-2
1.4643E+15,1204,-1.5
1.4643E+15,1205,-1.5
1.4643E+15,1206,-1.5
1.4643E+15,1207,-1.5
1.4643E+15,1208,-1.5
1.4643E+15,1209,-1.5
1.4643E+15,1210,-1.5
1.4643E+15,1211,-2
1.4643E+15,1212,-2
1.4643E+15,1213,-2
1.4643E+15,1214,-1.5
1.4643E+15,1215,-1.5
1.4643E+15,1216,-1.5
1.4643E+15,1217,-1.5
1.4643E+15,1218,-2
1.4643E+15,1219,-2
1.4643E+15,1220,-2
1.4643E+15,1221,-2
1.4643E+15,1222,-2
1.4643E+15,1223,-1.5
1.4643E+15,1224,-1.5
1.4643E+15,1225,-1.5
1.4643E+15,1226,-1.5
1.4643E+15,1227,-1.5
1.4643E+15,1228,-1.5
1.4643E+15,1229,-1.5
1.4643E+15,1230,-1.5
1.4643E+15,1231,-1.5
1.4643E+15,1232,-1.5
1.4643E+15,1233,-1.5
1.4643E+15,1234,-1.5
1.4643E+15,1235,-1.5
1.4643E+15,1236,-1.5
1.4643E+15,1237,-1.5
1.4643E+15,1238,-1.5
1.4643E+15,1239,-1.5
1.4643E+15,1240,-1.5
1.4643E+15,1241,-1.5
1.4643E+15,1242,-1.5
1.4643E+15,1243,-2
1.4643E+15,1244,-2.5
1.4643E+15,1245,-2.5
1.4643E+15,1246,-2.5
1.4643E+15,1247,-2.5
1.4643E+15,1248,-2.5
1.4643E+15,1249,-2.5
1.4643E+15,1250,-2.5
1.4643E+15,1251,-2.5
1.4643E+15,1252,-2.5
1.4643E+15,1253,-3
1.4643E+15,1254,-3
1.4643E+15,1255,-3
1.4643E+15,1256,-3
1.4643E+15,1257,-3
1.4643E+15,1258,-3
1.4643E+15,1259,-3.5
1.4643E+15,1260,-3.5
1.4643E+15,1261,-3.5
1.4643E+15,1262,-3.5
1.4643E+15,1263,-3.5
1.4643E+15,1264,-3.5
1.4643E+15,1265,-3.5
1.4643E+15,1266,-3.5
1.4643E+15,1267,-3.5
1.4643E+15,1268,-3.5
1.4643E+15,1269,-3.5
1.4643E+15,1270,-3.5
1.4643E+15,1271,-3
1.4643E+15,1272,-2.5
1.4643E+15,1273,-2.5
1.4643E+15,1274,-2.5
1.4643E+15,1275,-2.5
1.4643E+15,1276,-2.5
1.4643E+15,1277,-2.5
1.4643E+15,1278,-2.5
1.4643E+15,1279,-2.5
1.4643E+15,1280,-2.5
1.4643E+15,1281,-2.5
1.4643E+15,1282,-2.5
1.4643E+15,1283,-2.5
1.4643E+15,1284,-2.5
1.4643E+15,1285,-2.5
1.4643E+15,1286,-2.5
1.4643E+15,1287,-2.5
1.4643E+15,1288,-2.5
1.4643E+15,1289,-3
1.4643E+15,1290,-3.5
1.4643E+15,1291,-4
1.4643E+15,1292,-5
1.4643E+15,1293,-5
1.4643E+15,1294,-5.5
1.4643E+15,1295,-6
1.4643E+15,1296,-6.5
1.4643E+15,1297,-7
1.4643E+15,1298,-7.5
1.4643E+15,1299,-8.5
1.4643E+15,1300,-9
1.4643E+15,1301,-9.5
1.4643E+15,1302,-9.5
1.4643E+15,1303,-9.5
1.4643E+15,1304,-9.5
1.4643E+15,1305,-9
1.4643E+15,1306,-9
1.4643E+15,1307,-8
1.4643E+15,1308,-8
1.4643E+15,1309,-7.5
1.4643E+15,1310,-7
1.4643E+15,1311,-6.5
1.4643E+15,1312,-6
1.4643E+15,1313,-6
1.4643E+15,1314,-5.5
1.4643E+15,1315,-5.5
1.4643E+15,1316,-5
1.4643E+15,1317,-5
1.4643E+15,1318,-5
1.4643E+15,1319,-4.5
1.4643E+15,1320,-4.5
1.4643E+15,1321,-4.5
1.4643E+15,1322,-5
1.4643E+15,1323,-5.5
1.4643E+15,1324,-6
1.4643E+15,1325,-7
1.4643E+15,1326,-7
1.4643E+15,1327,-7
1.4643E+15,1328,-7
1.4643E+15,1329,-7
1.4643E+15,1330,-7
1.4643E+15,1331,-7
1.4643E+15,1332,-7
1.4643E+15,1333,-7
1.4643E+15,1334,-7.5
1.4643E+15,1335,-7.5
1.4643E+15,1336,-7.5
1.4643E+15,1337,-7
1.4643E+15,1338,-7
1.4643E+15,1339,-6.5
1.4643E+15,1340,-6.5
1.4643E+15,1341,-6.5
1.4643E+15,1342,-6.5
1.4643E+15,1343,-7
1.4643E+15,1344,-7
1.4643E+15,1345,-7
1.4643E+15,1346,-7
1.4643E+15,1347,-7
1.4643E+15,1348,-7
1.4643E+15,1349,-7
1.4643E+15,1350,-7
1.4643E+15,1351,-7
1.4643E+15,1352,-7
1.4643E+15,1353,-7
1.4643E+15,1354,-6.5
1.4643E+15,1355,-6.5
1.4643E+15,1356,-6.5
1.4643E+15,1357,-6
1.4643E+15,1358,-6
1.4643E+15,1359,-5.5
1.4643E+15,1360,-5
1.4643E+15,1361,-4.5
1.4643E+15,1362,-4
1.4643E+15,1363,-4
1.4643E+15,1364,-4
1.4643E+15,1365,-3.5
1.4643E+15,1366,-3.5
1.4643E+15,1367,-3.5
1.4643E+15,1368,-3.5
1.4643E+15,1369,-3
1.4643E+15,1370,-3
1.4643E+15,1371,-3
1.4643E+15,1372,-3
1.4643E+15,1373,-2.5
1.4643E+15,1374,-2.5
1.4643E+15,1375,-2.5
1.4643E+15,1376,-2.5
1.4643E+15,1377,-2.5
1.4643E+15,1378,-2.5
1.4643E+15,1379,-2
1.4643E+15,1380,-2
1.4643E+15,1381,-2
1.4643E+15,1382,-2
1.4643E+15,1383,-2
1.4643E+15,1384,-2
1.4643E+15,1385,-2
1.4643E+15,1386,-2
1.4643E+15,1387,-2
1.4643E+15,1388,-2
1.4643E+15,1389,-2
1.4643E+15,1390,-2
1.4643E+15,1391,-2
1.4643E+15,1392,-2
1.4643E+15,1393,-2
1.4643E+15,1394,-2.5
1.4643E+15,1395,-2.5
1.4643E+15,1396,-2.5
1.4643E+15,1397,-2.5
1.4643E+15,1398,-2.5
1.4643E+15,1399,-2.5
1.4643E+15,1400,-2.5
1.4643E+15,1401,-2.5
1.4643E+15,1402,-2.5
1.4643E+15,1403,-2.5
1.4643E+15,1404,-2.5
1.4643E+15,1405,-2.5
1.4643E+15,1406,-2.5
1.4643E+15,1407,-2.5
1.4643E+15,1408,-2.5
1.4643E+15,1409,-2.5
1.4643E+15,1410,-2.5
1.4643E+15,1411,-2.5
1.4643E+15,1412,-2.5
1.4643E+15,1413,-2.5
1.4643E+15,1414,-2.5
1.4643E+15,1415,-2.5
1.4643E+15,1416,-2.5
1.4643E+15,1417,-2.5
1.4643E+15,1418,-2.5
1.4643E+15,1419,-2.5
1.4643E+15,1420,-2.5
1.4643E+15,1421,-2.5
1.4643E+15,1422,-2.5
1.4643E+15,1423,-2
1.4643E+15,1424,-2
1.4643E+15,1425,-2
1.4643E+15,1426,-2
1.4643E+15,1427,-2
1.4643E+15,1428,-2
1.4643E+15,1429,-2
1.4643E+15,1430,-2
1.4643E+15,1431,-2
1.4643E+15,1432,-2
1.4643E+15,1433,-2
1.4643E+15,1434,-2
1.4643E+15,1435,-2
1.4643E+15,1436,-2.5
1.4643E+15,1437,-2.5
1.4643E+15,1438,-2.5
1.4643E+15,1439,-2.5
1.4643E+15,1440,-2.5
1.4643E+15,1441,-2.5
1.4643E+15,1442,-2.5
1.4643E+15,1443,-2.5
1.4643E+15,1444,-2.5
1.4643E+15,1445,-2.5
1.4643E+15,1446,-2.5
1.4643E+15,1447,-2.5
1.4643E+15,1448,-3
1.4643E+15,1449,-3
1.4643E+15,1450,-3
1.4643E+15,1451,-3
1.4643E+15,1452,-3
1.4643E+15,1453,-3
1.4643E+15,1454,-3
1.4643E+15,1455,-3
1.4643E+15,1456,-3
1.4643E+15,1457,-3
1.4643E+15,1458,-3
1.4643E+15,1459,-3
1.4643E+15,1460,-3
1.4643E+15,1461,-3
1.4643E+15,1462,-3
1.4643E+15,1463,-3
1.4643E+15,1464,-3
1.4643E+15,1465,-3
1.4643E+15,1466,-3
1.4643E+15,1467,-3
1.4643E+15,1468,-3
1.4643E+15,1469,-3
1.4643E+15,1470,-3
1.4643E+15,1471,-3
1.4643E+15,1472,-3
1.4643E+15,1473,-3.5
1.4643E+15,1474,-3.5
1.4643E+15,1475,-3.5
1.4643E+15,1476,-4
1.4643E+15,1477,-4
1.4643E+15,1478,-4.5
1.4643E+15,1479,-5
1.4643E+15,1480,-5.5
1.4643E+15,1481,-5.5
1.4643E+15,1482,-5.5
1.4643E+15,1483,-5.5
1.4643E+15,1484,-5.5
1.4643E+15,1485,-5.5
1.4643E+15,1486,-5.5
1.4643E+15,1487,-5.5
1.4643E+15,1488,-5.5
1.4643E+15,1489,-5.5
1.4643E+15,1490,-5.5
1.4643E+15,1491,-5.5
1.4643E+15,1492,-5
1.4643E+15,1493,-5
1.4643E+15,1494,-5
1.4643E+15,1495,-5
1.4643E+15,1496,-5
1.4643E+15,1497,-5
1.4643E+15,1498,-5
1.4643E+15,1499,-5
1.4643E+15,1500,-5
1.4643E+15,1501,-5
1.4643E+15,1502,-5
1.4643E+15,1503,-5
1.4643E+15,1504,-5
1.4643E+15,1505,-5
1.4643E+15,1506,-5
1.4643E+15,1507,-5
1.4643E+15,1508,-5
1.4643E+15,1509,-5
1.4643E+15,1510,-5
1.4643E+15,1511,-4.5
1.4643E+15,1512,-4.5
1.4643E+15,1513,-4.5
1.4643E+15,1514,-4
1.4643E+15,1515,-4
1.4643E+15,1516,-3.5
1.4643E+15,1517,-3.5
1.4643E+15,1518,-3
1.4643E+15,1519,-3
1.4643E+15,1520,-3
1.4643E+15,1521,-3
1.4643E+15,1522,-2.5
1.4643E+15,1523,-2.5
1.4643E+15,1524,-2
1.4643E+15,1525,-2
1.4643E+15,1526,-2
1.4643E+15,1527,-2
1.4643E+15,1528,-2
1.4643E+15,1529,-2
1.4643E+15,1530,-2
1.4643E+15,1531,-2
1.4643E+15,1532,-2
1.4643E+15,1533,-2
1.4643E+15,1534,-2
1.4643E+15,1535,-2
1.4643E+15,1536,-2
1.4643E+15,1537,-2.5
1.4643E+15,1538,-2.5
1.4643E+15,1539,-2.5
1.4643E+15,1540,-2.5
1.4643E+15,1541,-2.5
1.4643E+15,1542,-2.5
1.4643E+15,1543,-2.5
1.4643E+15,1544,-2.5
1.4643E+15,1545,-2.5
1.4643E+15,1546,-2.5
1.4643E+15,1547,-2.5
1.4643E+15,1548,-2.5
1.4643E+15,1549,-2.5
1.4643E+15,1550,-2.5
1.4643E+15,1551,-2.5
1.4643E+15,1552,-2.5
1.4643E+15,1553,-2.5
1.4643E+15,1554,-2.5
1.4643E+15,1555,-2.5
1.4643E+15,1556,-2.5
1.4643E+15,1557,-2.5
1.4643E+15,1558,-2.5
1.4643E+15,1559,-2.5
1.4643E+15,1560,-2.5
1.4643E+15,1561,-2.5
1.4643E+15,1562,-2.5
1.4643E+15,1563,-2.5
1.4643E+15,1564,-2.5
1.4643E+15,1565,-2.5
1.4643E+15,1566,-2.5
1.4643E+15,1567,-2.5
1.4643E+15,1568,-2
1.4643E+15,1569,-2
1.4643E+15,1570,-2
1.4643E+15,1571,-2
1.4643E+15,1572,-2
1.4643E+15,1573,-2
1.4643E+15,1574,-2
1.4643E+15,1575,-2
1.4643E+15,1576,-2
1.4643E+15,1577,-2
1.4643E+15,1578,-2
1.4643E+15,1579,-2
1.4643E+15,1580,-2
1.4643E+15,1581,-2
1.4643E+15,1582,-2
1.4643E+15,1583,-2
1.4643E+15,1584,-2
1.4643E+15,1585,-2
1.4643E+15,1586,-2
1.4643E+15,1587,-2
1.4643E+15,1588,-2
1.4643E+15,1589,-2
1.4643E+15,1590,-2
1.4643E+15,1591,-2
1.4643E+15,1592,-2
1.4643E+15,1593,-2
1.4643E+15,1594,-2
1.4643E+15,1595,-2
1.4643E+15,1596,-2
1.4643E+15,1597,-2
1.4643E+15,1598,-2
1.4643E+15,1599,-2
1.4643E+15,1600,-2
1.4643E+15,1601,-2
1.4643E+15,1602,-2
1.4643E+15,1603,-2
1.4643E+15,1604,-2
1.4643E+15,1605,-2
1.4643E+15,1606,-2
1.4643E+15,1607,-2
1.4643E+15,1608,-2
1.4643E+15,1609,-2
1.4643E+15,1610,-2
1.4643E+15,1611,-2
1.4643E+15,1612,-2
1.4643E+15,1613,-2
1.4643E+15,1614,-2
1.4643E+15,1615,-2
1.4643E+15,1616,-2
1.4643E+15,1617,-2
1.4643E+15,1618,-2
1.4643E+15,1619,-2
1.4643E+15,1620,-2
1.4643E+15,1621,-2.5
1.4643E+15,1622,-2.5
1.4643E+15,1623,-3
1.4643E+15,1624,-3
1.4643E+15,1625,-3
1.4643E+15,1626,-3
1.4643E+15,1627,-3
1.4643E+15,1628,-3
1.4643E+15,1629,-3
1.4643E+15,1630,-3
1.4643E+15,1631,-3
1.4643E+15,1632,-3
1.4643E+15,1633,-3
1.4643E+15,1634,-3
1.4643E+15,1635,-3
1.4643E+15,1636,-3
1.4643E+15,1637,-3
1.4643E+15,1638,-3
1.4643E+15,1639,-3
1.4643E+15,1640,-3
1.4643E+15,1641,-3
1.4643E+15,1642,-3
1.4643E+15,1643,-3
1.4643E+15,1644,-3
1.4643E+15,1645,-3
1.4643E+15,1646,-3
1.4643E+15,1647,-3
1.4643E+15,1648,-3
1.4643E+15,1649,-3
1.4643E+15,1650,-3
1.4643E+15,1651,-3
1.4643E+15,1652,-3
1.4643E+15,1653,-3
1.4643E+15,1654,-3
1.4643E+15,1655,-3
1.4643E+15,1656,-3
1.4643E+15,1657,-2.5
1.4643E+15,1658,-2.5
1.4643E+15,1659,-2.5
1.4643E+15,1660,-2.5
1.4643E+15,1661,-2.5
1.4643E+15,1662,-2.5
1.4643E+15,1663,-2.5
1.4643E+15,1664,-2.5
1.4643E+15,1665,-2.5
1.4643E+15,1666,-3
1.4643E+15,1667,-3
1.4643E+15,1668,-3
1.4643E+15,1669,-3
1.4643E+15,1670,-3
1.4643E+15,1671,-3
1.4643E+15,1672,-3
1.4643E+15,1673,-3
1.4643E+15,1674,-3
1.4643E+15,1675,-3
1.4643E+15,1676,-3
1.4643E+15,1677,-3
1.4643E+15,1678,-3
1.4643E+15,1679,-3
1.4643E+15,1680,-3
1.4643E+15,1681,-3
1.4643E+15,1682,-3
1.4643E+15,1683,-3
1.4643E+15,1684,-3
1.4643E+15,1685,-3
1.4643E+15,1686,-3
1.4643E+15,1687,-3
1.4643E+15,1688,-3
1.4643E+15,1689,-3
1.4643E+15,1690,-3.5
1.4643E+15,1691,-3.5
1.4643E+15,1692,-4
1.4643E+15,1693,-4.5
1.4643E+15,1694,-4.5
1.4643E+15,1695,-5
1.4643E+15,1696,-5
1.4643E+15,1697,-5
1.4643E+15,1698,-5.5
1.4643E+15,1699,-5.5
1.4643E+15,1700,-5.5
1.4643E+15,1701,-5.5
1.4643E+15,1702,-5.5
1.4643E+15,1703,-5.5
1.4643E+15,1704,-5.5
1.4643E+15,1705,-5.5
1.4643E+15,1706,-5.5
1.4643E+15,1707,-5.5
1.4643E+15,1708,-5.5
1.4643E+15,1709,-5.5
1.4643E+15,1710,-5
1.4643E+15,1711,-5
1.4643E+15,1712,-5
1.4643E+15,1713,-5
1.4643E+15,1714,-5
1.4643E+15,1715,-5
1.4643E+15,1716,-5
1.4643E+15,1717,-5
1.4643E+15,1718,-5
1.4643E+15,1719,-5
1.4643E+15,1720,-5
1.4643E+15,1721,-5
1.4643E+15,1722,-5
1.4643E+15,1723,-5
1.4643E+15,1724,-5
1.4643E+15,1725,-5
1.4643E+15,1726,-5
1.4643E+15,1727,-4.5
1.4643E+15,1728,-4.5
1.4643E+15,1729,-4.5
1.4643E+15,1730,-4.5
1.4643E+15,1731,-4.5
1.4643E+15,1732,-4.5
1.4643E+15,1733,-4.5
1.4643E+15,1734,-4.5
1.4643E+15,1735,-4.5
1.4643E+15,1736,-4.5
1.4643E+15,1737,-4.5
1.4643E+15,1738,-4.5
1.4643E+15,1739,-4.5
1.4643E+15,1740,-4.5
1.4643E+15,1741,-4.5
1.4643E+15,1742,-4.5
1.4643E+15,1743,-4.5
1.4643E+15,1744,-4.5
1.4643E+15,1745,-4.5
1.4643E+15,1746,-4.5
1.4643E+15,1747,-4
1.4643E+15,1748,-4
1.4643E+15,1749,-4
1.4643E+15,1750,-4
1.4643E+15,1751,-4
1.4643E+15,1752,-4
1.4643E+15,1753,-4
1.4643E+15,1754,-4
1.4643E+15,1755,-4
1.4643E+15,1756,-4
1.4643E+15,1757,-4
1.4643E+15,1758,-4
1.4643E+15,1759,-4
1.4643E+15,1760,-4
1.4643E+15,1761,-4
1.4643E+15,1762,-4
1.4643E+15,1763,-4
1.4643E+15,1764,-4
1.4643E+15,1765,-4
1.4643E+15,1766,-4
1.4643E+15,1767,-4
1.4643E+15,1768,-4
1.4643E+15,1769,-4
1.4643E+15,1770,-4
1.4643E+15,1771,-4
1.4643E+15,1772,-4
1.4643E+15,1773,-4
1.4643E+15,1774,-4
1.4643E+15,1775,-4.5
1.4643E+15,1776,-4.5
1.4643E+15,1777,-4.5
1.4643E+15,1778,-4.5
1.4643E+15,1779,-4.5
1.4643E+15,1780,-4.5
1.4643E+15,1781,-4.5
1.4643E+15,1782,-4.5
1.4643E+15,1783,-4
1.4643E+15,1784,-4
1.4643E+15,1785,-4
1.4643E+15,1786,-4
1.4643E+15,1787,-4
1.4643E+15,1788,-4
1.4643E+15,1789,-4
1.4643E+15,1790,-4
1.4643E+15,1791,-4
1.4643E+15,1792,-4
1.4643E+15,1793,-4
1.4643E+15,1794,-4
1.4643E+15,1795,-4
1.4643E+15,1796,-4
1.4643E+15,1797,-3.5
1.4643E+15,1798,-3.5
1.4643E+15,1799,-3.5
1.4643E+15,1800,-3
1.4643E+15,1801,-3
1.4643E+15,1802,-3
1.4643E+15,1803,-3
1.4643E+15,1804,-3
1.4643E+15,1805,-3
1.4643E+15,1806,-3
1.4643E+15,1807,-3
1.4643E+15,1808,-3
1.4643E+15,1809,-3
1.4643E+15,1810,-3
1.4643E+15,1811,-3
1.4643E+15,1812,-3
1.4643E+15,1813,-3
1.4643E+15,1814,-3
1.4643E+15,1815,-3
1.4643E+15,1816,-3
1.4643E+15,1817,-3
1.4643E+15,1818,-2.5
1.4643E+15,1819,-2.5
1.4643E+15,1820,-2.5
1.4643E+15,1821,-2.5
1.4643E+15,1822,-2.5
1.4643E+15,1823,-2.5
1.4643E+15,1824,-2.5
1.4643E+15,1825,-2.5
1.4643E+15,1826,-2.5
1.4643E+15,1827,-2.5
1.4643E+15,1828,-2.5
1.4643E+15,1829,-2.5
1.4643E+15,1830,-2.5
1.4643E+15,1831,-2.5
1.4643E+15,1832,-2.5
1.4643E+15,1833,-2.5
1.4643E+15,1834,-2.5
1.4643E+15,1835,-2.5
1.4643E+15,1836,-2.5
1.4643E+15,1837,-2.5
1.4643E+15,1838,-2.5
1.4643E+15,1839,-2.5
1.4643E+15,1840,-3
1.4643E+15,1841,-3
1.4643E+15,1842,-3.5
1.4643E+15,1843,-4
1.4643E+15,1844,-4.5
1.4643E+15,1845,-4.5
1.4643E+15,1846,-4.5
1.4643E+15,1847,-5
1.4643E+15,1848,-5
1.4643E+15,1849,-5
1.4643E+15,1850,-5
1.4643E+15,1851,-5
1.4643E+15,1852,-5
1.4643E+15,1853,-5
1.4643E+15,1854,-5
1.4643E+15,1855,-5
1.4643E+15,1856,-5
1.4643E+15,1857,-5
1.4643E+15,1858,-5
1.4643E+15,1859,-5
1.4643E+15,1860,-5
1.4643E+15,1861,-5
1.4643E+15,1862,-4.5
1.4643E+15,1863,-4.5
1.4643E+15,1864,-4.5
1.4643E+15,1865,-4.5
1.4643E+15,1866,-4.5
1.4643E+15,1867,-4.5
1.4643E+15,1868,-4.5
1.4643E+15,1869,-4.5
1.4643E+15,1870,-4.5
1.4643E+15,1871,-4.5
1.4643E+15,1872,-4.5
1.4643E+15,1873,-4.5
1.4643E+15,1874,-4.5
1.4643E+15,1875,-4.5
1.4643E+15,1876,-4
1.4643E+15,1877,-4
1.4643E+15,1878,-4
1.4643E+15,1879,-4
1.4643E+15,1880,-4
1.4643E+15,1881,-3.5
1.4643E+15,1882,-3.5
1.4643E+15,1883,-3.5
1.4643E+15,1884,-3.5
1.4643E+15,1885,-3.5
1.4643E+15,1886,-3.5
1.4643E+15,1887,-3.5
1.4643E+15,1888,-3.5
1.4643E+15,1889,-3.5
1.4643E+15,1890,-3.5
1.4643E+15,1891,-3
1.4643E+15,1892,-3
1.4643E+15,1893,-3
1.4643E+15,1894,-3.5
1.4643E+15,1895,-3.5
1.4643E+15,1896,-3.5
1.4643E+15,1897,-3.5
1.4643E+15,1898,-3.5
1.4643E+15,1899,-3.5
1.4643E+15,1900,-3.5
1.4643E+15,1901,-3.5
1.4643E+15,1902,-3.5
1.4643E+15,1903,-3.5
1.4643E+15,1904,-3.5
1.4643E+15,1905,-3.5
1.4643E+15,1906,-3.5
1.4643E+15,1907,-3.5
1.4643E+15,1908,-3.5
1.4643E+15,1909,-4
1.4643E+15,1910,-4
1.4643E+15,1911,-4
1.4643E+15,1912,-4.5
1.4643E+15,1913,-4.5
1.4643E+15,1914,-4.5
1.4643E+15,1915,-5
1.4643E+15,1916,-5
1.4643E+15,1917,-5
1.4643E+15,1918,-5
1.4643E+15,1919,-5
1.4643E+15,1920,-5
1.4643E+15,1921,-5
1.4643E+15,1922,-5
1.4643E+15,1923,-5
1.4643E+15,1924,-5
1.4643E+15,1925,-5.5
1.4643E+15,1926,-5.5
1.4643E+15,1927,-5.5
1.4643E+15,1928,-5.5
1.4643E+15,1929,-5.5
1.4643E+15,1930,-5.5
1.4643E+15,1931,-6
1.4643E+15,1932,-6
1.4643E+15,1933,-6
1.4643E+15,1934,-6
1.4643E+15,1935,-6
1.4643E+15,1936,-6
1.4643E+15,1937,-6
1.4643E+15,1938,-6
1.4643E+15,1939,-6.5
1.4643E+15,1940,-6.5
1.4643E+15,1941,-6.5
1.4643E+15,1942,-7
1.4643E+15,1943,-7
1.4643E+15,1944,-7.5
1.4643E+15,1945,-7.5
1.4643E+15,1946,-7.5
1.4643E+15,1947,-7.5
1.4643E+15,1948,-8
1.4643E+15,1949,-8
1.4643E+15,1950,-8
1.4643E+15,1951,-8
1.4643E+15,1952,-8
1.4643E+15,1953,-8
1.4643E+15,1954,-8
1.4643E+15,1955,-8
1.4643E+15,1956,-8
1.4643E+15,1957,-8
1.4643E+15,1958,-8
1.4643E+15,1959,-8
1.4643E+15,1960,-7.5
1.4643E+15,1961,-7.5
1.4643E+15,1962,-7.5
1.4643E+15,1963,-7.5
1.4643E+15,1964,-7.5
1.4643E+15,1965,-7.5
1.4643E+15,1966,-7.5
1.4643E+15,1967,-7.5
1.4643E+15,1968,-7.5
1.4643E+15,1969,-7.5
1.4643E+15,1970,-7.5
1.4643E+15,1971,-7.5
1.4643E+15,1972,-7.5
1.4643E+15,1973,-7.5
1.4643E+15,1974,-7
1.4643E+15,1975,-7
1.4643E+15,1976,-7
1.4643E+15,1977,-7
1.4643E+15,1978,-7
1.4643E+15,1979,-7
1.4643E+15,1980,-7
1.4643E+15,1981,-7
1.4643E+15,1982,-7
1.4643E+15,1983,-6.5
1.4643E+15,1984,-6.5
1.4643E+15,1985,-6.5
1.4643E+15,1986,-6.5
1.4643E+15,1987,-6.5
1.4643E+15,1988,-6.5
1.4643E+15,1989,-6.5
1.4643E+15,1990,-6.5
1.4643E+15,1991,-6.5
1.4643E+15,1992,-6.5
1.4643E+15,1993,-6.5
1.4643E+15,1994,-6.5
1.4643E+15,1995,-6
1.4643E+15,1996,-6
1.4643E+15,1997,-6
1.4643E+15,1998,-6
1.4643E+15,1999,-6
1.4643E+15,2000,-5.5
1.4643E+15,2001,-5
1.4643E+15,2002,-5
1.4643E+15,2003,-5
1.4643E+15,2004,-5
1.4643E+15,2005,-5
1.4643E+15,2006,-4.5
1.4643E+15,2007,-4.5
1.4643E+15,2008,-4.5
1.4643E+15,2009,-4.5
1.4643E+15,2010,-4.5
1.4643E+15,2011,-4.5
1.4643E+15,2012,-4.5
1.4643E+15,2013,-4.5
1.4643E+15,2014,-4.5
1.4643E+15,2015,-4.5
1.4643E+15,2016,-4
1.4643E+15,2017,-4
1.4643E+15,2018,-4
1.4643E+15,2019,-4
1.4643E+15,2020,-3.5
1.4643E+15,2021,-3.5
1.4643E+15,2022,-3.5
1.4643E+15,2023,-3.5
1.4643E+15,2024,-3.5
1.4643E+15,2025,-3.5
1.4643E+15,2026,-3.5
1.4643E+15,2027,-3.5
1.4643E+15,2028,-3.5
1.4643E+15,2029,-3.5
1.4643E+15,2030,-3.5
1.4643E+15,2031,-3.5
1.4643E+15,2032,-3.5
1.4643E+15,2033,-3.5
1.4643E+15,2034,-3.5
1.4643E+15,2035,-3.5
1.4643E+15,2036,-3.5
1.4643E+15,2037,-3.5
1.4643E+15,2038,-3.5
1.4643E+15,2039,-3.5
1.4643E+15,2040,-3.5
1.4643E+15,2041,-3.5
1.4643E+15,2042,-4
1.4643E+15,2043,-4.5
1.4643E+15,2044,-4.5
1.4643E+15,2045,-4.5
1.4643E+15,2046,-5
1.4643E+15,2047,-5
1.4643E+15,2048,-5
1.4643E+15,2049,-5
1.4643E+15,2050,-5
1.4643E+15,2051,-5
1.4643E+15,2052,-5
1.4643E+15,2053,-5
1.4643E+15,2054,-5
1.4643E+15,2055,-5
1.4643E+15,2056,-5.5
1.4643E+15,2057,-5.5
1.4643E+15,2058,-5.5
1.4643E+15,2059,-5.5
1.4643E+15,2060,-6
1.4643E+15,2061,-6
1.4643E+15,2062,-6
1.4643E+15,2063,-6.5
1.4643E+15,2064,-6.5
1.4643E+15,2065,-6.5
1.4643E+15,2066,-7
1.4643E+15,2067,-7
1.4643E+15,2068,-7
1.4643E+15,2069,-7
1.4643E+15,2070,-7
1.4643E+15,2071,-7
1.4643E+15,2072,-7
1.4643E+15,2073,-7
1.4643E+15,2074,-7
1.4643E+15,2075,-7
1.4643E+15,2076,-7
1.4643E+15,2077,-7
1.4643E+15,2078,-7
1.4643E+15,2079,-7
1.4643E+15,2080,-7
1.4643E+15,2081,-7
1.4643E+15,2082,-7
1.4643E+15,2083,-7
1.4643E+15,2084,-7
1.4643E+15,2085,-7
1.4643E+15,2086,-7
1.4643E+15,2087,-7
1.4643E+15,2088,-7
1.4643E+15,2089,-7
1.4643E+15,2090,-7
1.4643E+15,2091,-7
1.4643E+15,2092,-7
1.4643E+15,2093,-7
1.4643E+15,2094,-7
1.4643E+15,2095,-7
1.4643E+15,2096,-7
1.4643E+15,2097,-7
1.4643E+15,2098,-7
1.4643E+15,2099,-7
1.4643E+15,2100,-7
1.4643E+15,2101,-7
1.4643E+15,2102,-6.5
1.4643E+15,2103,-6.5
1.4643E+15,2104,-6.5
1.4643E+15,2105,-6.5
1.4643E+15,2106,-6.5
1.4643E+15,2107,-6.5
1.4643E+15,2108,-6.5
1.4643E+15,2109,-6.5
1.4643E+15,2110,-6.5
1.4643E+15,2111,-6.5
1.4643E+15,2112,-6.5
1.4643E+15,2113,-6.5
1.4643E+15,2114,-6.5
1.4643E+15,2115,-6
1.4643E+15,2116,-6
1.4643E+15,2117,-6
1.4643E+15,2118,-6
1.4643E+15,2119,-6
1.4643E+15,2120,-6
1.4643E+15,2121,-6
1.4643E+15,2122,-6
1.4643E+15,2123,-6
1.4643E+15,2124,-6
1.4643E+15,2125,-6
1.4643E+15,2126,-6
1.4643E+15,2127,-5.5
1.4643E+15,2128,-5.5
1.4643E+15,2129,-5.5
1.4643E+15,2130,-5.5
1.4643E+15,2131,-5
1.4643E+15,2132,-5
1.4643E+15,2133,-5
1.4643E+15,2134,-4.5
1.4643E+15,2135,-4.5
1.4643E+15,2136,-4.5
1.4643E+15,2137,-4
1.4643E+15,2138,-4
1.4643E+15,2139,-4
1.4643E+15,2140,-4
1.4643E+15,2141,-4
1.4643E+15,2142,-4
1.4643E+15,2143,-4
1.4643E+15,2144,-4
1.4643E+15,2145,-4
1.4643E+15,2146,-4
1.4643E+15,2147,-4
1.4643E+15,2148,-4
1.4643E+15,2149,-4
1.4643E+15,2150,-4
1.4643E+15,2151,-4
1.4643E+15,2152,-4
1.4643E+15,2153,-4
1.4643E+15,2154,-4
1.4643E+15,2155,-4
1.4643E+15,2156,-4
1.4643E+15,2157,-4
1.4643E+15,2158,-4
1.4643E+15,2159,-4
1.4643E+15,2160,-4
1.4643E+15,2161,-3.5
1.4643E+15,2162,-3.5
1.4643E+15,2163,-3.5
1.4643E+15,2164,-3.5
1.4643E+15,2165,-3
1.4643E+15,2166,-3
1.4643E+15,2167,-3
1.4643E+15,2168,-3
1.4643E+15,2169,-3
1.4643E+15,2170,-3
1.4643E+15,2171,-3
1.4643E+15,2172,-3
1.4643E+15,2173,-3
1.4643E+15,2174,-3
1.4643E+15,2175,-3
1.4643E+15,2176,-3
1.4643E+15,2177,-3
1.4643E+15,2178,-3
1.4643E+15,2179,-3
1.4643E+15,2180,-3
1.4643E+15,2181,-3
1.4643E+15,2182,-3
1.4643E+15,2183,-3
1.4643E+15,2184,-3
1.4643E+15,2185,-3
1.4643E+15,2186,-3
1.4643E+15,2187,-3
1.4643E+15,2188,-3
1.4643E+15,2189,-2.5
1.4643E+15,2190,-2.5
1.4643E+15,2191,-2.5
1.4643E+15,2192,-2.5
1.4643E+15,2193,-2.5
1.4643E+15,2194,-2.5
1.4643E+15,2195,-2.5
1.4643E+15,2196,-2.5
1.4643E+15,2197,-2.5
1.4643E+15,2198,-2.5
1.4643E+15,2199,-2.5
1.4643E+15,2200,-2.5
1.4643E+15,2201,-2.5
1.4643E+15,2202,-2.5
1.4643E+15,2203,-2.5
1.4643E+15,2204,-2.5
1.4643E+15,2205,-3
1.4643E+15,2206,-3
1.4643E+15,2207,-3
1.4643E+15,2208,-3
1.4643E+15,2209,-3
1.4643E+15,2210,-3
1.4643E+15,2211,-3
1.4643E+15,2212,-3
1.4643E+15,2213,-3
1.4643E+15,2214,-3
1.4643E+15,2215,-3
1.4643E+15,2216,-3
1.4643E+15,2217,-3
1.4643E+15,2218,-3
1.4643E+15,2219,-3
1.4643E+15,2220,-3
1.4643E+15,2221,-3
1.4643E+15,2222,-3
1.4643E+15,2223,-3
1.4643E+15,2224,-3
1.4643E+15,2225,-3
1.4643E+15,2226,-3.5
1.4643E+15,2227,-3.5
1.4643E+15,2228,-3.5
1.4643E+15,2229,-3.5
1.4643E+15,2230,-3.5
1.4643E+15,2231,-3.5
1.4643E+15,2232,-3.5
1.4643E+15,2233,-3.5
1.4643E+15,2234,-3.5
1.4643E+15,2235,-3.5
1.4643E+15,2236,-3.5
1.4643E+15,2237,-3.5
1.4643E+15,2238,-3.5
1.4643E+15,2239,-3.5
1.4643E+15,2240,-3.5
1.4643E+15,2241,-3.5
1.4643E+15,2242,-3.5
1.4643E+15,2243,-3.5
1.4643E+15,2244,-3.5
1.4643E+15,2245,-3.5
1.4643E+15,2246,-3.5
1.4643E+15,2247,-3.5
1.4643E+15,2248,-3.5
1.4643E+15,2249,-3.5
1.4643E+15,2250,-3.5
1.4643E+15,2251,-3.5
1.4643E+15,2252,-3.5
1.4643E+15,2253,-3.5
1.4643E+15,2254,-3.5
1.4643E+15,2255,-3.5
1.4643E+15,2256,-3.5
1.4643E+15,2257,-3.5
1.4643E+15,2258,-3.5
1.4643E+15,2259,-3.5
1.4643E+15,2260,-3.5
1.4643E+15,2261,-3.5
1.4643E+15,2262,-3.5
1.4643E+15,2263,-3.5
1.4643E+15,2264,-3.5
1.4643E+15,2265,-3.5
1.4643E+15,2266,-3.5
1.4643E+15,2267,-3.5
1.4643E+15,2268,-3.5
1.4643E+15,2269,-3.5
1.4643E+15,2270,-3.5
1.4643E+15,2271,-3.5
1.4643E+15,2272,-3.5
1.4643E+15,2273,-3.5
1.4643E+15,2274,-3.5
1.4643E+15,2275,-3.5
1.4643E+15,2276,-3
1.4643E+15,2277,-3
1.4643E+15,2278,-2.5
1.4643E+15,2279,-2.5
1.4643E+15,2280,-2.5
1.4643E+15,2281,-2.5
1.4643E+15,2282,-2.5
1.4643E+15,2283,-2
1.4643E+15,2284,-1.5
1.4643E+15,2285,-1.5
1.4643E+15,2286,-1
1.4643E+15,2287,-1
1.4643E+15,2288,-1
1.4643E+15,2289,-1
1.4643E+15,2290,-0.5
1.4643E+15,2291,-0.5
1.4643E+15,2292,-0.5
1.4643E+15,2293,-0.5
1.4643E+15,2294,-0.5
1.4643E+15,2295,-0.5
1.4643E+15,2296,-0.5
1.4643E+15,2297,-0.5
1.4643E+15,2298,-0.5
1.4643E+15,2299,-1
1.4643E+15,2300,-1
1.4643E+15,2301,-1
1.4643E+15,2302,-1
1.4643E+15,2303,-1
1.4643E+15,2304,-1
1.4643E+15,2305,-0.5
1.4643E+15,2306,-0.5
1.4643E+15,2307,-0.5
1.4643E+15,2308,-0.5
1.4643E+15,2309,-0.5
1.4643E+15,2310,-0.5
1.4643E+15,2311,-0.5
1.4643E+15,2312,-0.5
1.4643E+15,2313,-0.5
1.4643E+15,2314,-0.5
1.4643E+15,2315,-0.5
1.4643E+15,2316,-0.5
1.4643E+15,2317,-0.5
1.4643E+15,2318,-0.5
1.4643E+15,2319,-0.5
1.4643E+15,2320,-0.5
1.4643E+15,2321,-0.5
1.4643E+15,2322,-0.5
1.4643E+15,2323,-0.5
1.4643E+15,2324,-0.5
1.4643E+15,2325,-0.5
1.4643E+15,2326,-0.5
1.4643E+15,2327,-0.5
1.4643E+15,2328,-0.5
1.4643E+15,2329,-0.5
1.4643E+15,2330,-0.5
1.4643E+15,2331,-0.5
1.4643E+15,2332,-0.5
1.4643E+15,2333,-0.5
1.4643E+15,2334,-0.5
1.4643E+15,2335,-0.5
1.4643E+15,2336,0
1.4643E+15,2337,0
1.4643E+15,2338,0
1.4643E+15,2339,0
1.4643E+15,2340,0.5
1.4643E+15,2341,0.5
1.4643E+15,2342,0.5
1.4643E+15,2343,0.5
1.4643E+15,2344,0.5
1.4643E+15,2345,0.5
1.4643E+15,2346,0.5
1.4643E+15,2347,0.5
1.4643E+15,2348,0.5
1.4643E+15,2349,0.5
1.4643E+15,2350,0.5
1.4643E+15,2351,0.5
1.4643E+15,2352,0.5
1.4643E+15,2353,0.5
1.4643E+15,2354,0.5
1.4643E+15,2355,0.5
1.4643E+15,2356,0.5
1.4643E+15,2357,0.5
1.4643E+15,2358,0.5
1.4643E+15,2359,0.5
1.4643E+15,2360,0.5
1.4643E+15,2361,0.5
1.4643E+15,2362,0.5
1.4643E+15,2363,0.5
1.4643E+15,2364,0.5
1.4643E+15,2365,0.5
1.4643E+15,2366,0.5
1.4643E+15,2367,0.5
1.4643E+15,2368,0.5
1.4643E+15,2369,0.5
1.4643E+15,2370,0.5
1.4643E+15,2371,0.5
1.4643E+15,2372,0.5
1.4643E+15,2373,0.5
1.4643E+15,2374,0.5
1.4643E+15,2375,0.5
1.4643E+15,2376,0.5
1.4643E+15,2377,0.5
1.4643E+15,2378,0.5
1.4643E+15,2379,0.5
1.4643E+15,2380,0.5
1.4643E+15,2381,0.5
1.4643E+15,2382,0.5
1.4643E+15,2383,1
1.4643E+15,2384,1
1.4643E+15,2385,1
1.4643E+15,2386,1.5
1.4643E+15,2387,1.5
1.4643E+15,2388,1.5
1.4643E+15,2389,2
1.4643E+15,2390,2
1.4643E+15,2391,2
1.4643E+15,2392,2
1.4643E+15,2393,2
1.4643E+15,2394,2
1.4643E+15,2395,2
1.4643E+15,2396,2
1.4643E+15,2397,2
1.4643E+15,2398,2
1.4643E+15,2399,2
1.4643E+15,2400,2
1.4643E+15,2401,2
1.4643E+15,2402,2
1.4643E+15,2403,2.5
1.4643E+15,2404,2.5
1.4643E+15,2405,2.5
1.4643E+15,2406,2.5
1.4643E+15,2407,2.5
1.4643E+15,2408,2.5
1.4643E+15,2409,2.5
1.4643E+15,2410,2.5
1.4643E+15,2411,2
1.4643E+15,2412,2
1.4643E+15,2413,2
1.4643E+15,2414,2
1.4643E+15,2415,2
1.4643E+15,2416,2
1.4643E+15,2417,2
1.4643E+15,2418,2
1.4643E+15,2419,2
1.4643E+15,2420,2
1.4643E+15,2421,2
1.4643E+15,2422,2
1.4643E+15,2423,2
1.4643E+15,2424,2
1.4643E+15,2425,2
1.4643E+15,2426,2
1.4643E+15,2427,1.5
1.4643E+15,2428,1.5
1.4643E+15,2429,1.5
1.4643E+15,2430,1.5
1.4643E+15,2431,1.5
1.4643E+15,2432,1.5
1.4643E+15,2433,1
1.4643E+15,2434,1
1.4643E+15,2435,1
1.4643E+15,2436,1
1.4643E+15,2437,1
1.4643E+15,2438,1
1.4643E+15,2439,0.5
1.4643E+15,2440,0.5
1.4643E+15,2441,0.5
1.4643E+15,2442,0.5
1.4643E+15,2443,0.5
1.4643E+15,2444,0.5
1.4643E+15,2445,0.5
1.4643E+15,2446,0.5
1.4643E+15,2447,0.5
1.4643E+15,2448,0.5
1.4643E+15,2449,0
1.4643E+15,2450,0
1.4643E+15,2451,0
1.4643E+15,2452,0
1.4643E+15,2453,0
1.4643E+15,2454,0
1.4643E+15,2455,-0.5
1.4643E+15,2456,-1
1.4643E+15,2457,-1.5
1.4643E+15,2458,-1.5
1.4643E+15,2459,-1.5
1.4643E+15,2460,-1.5
1.4643E+15,2461,-1.5
1.4643E+15,2462,-1.5
1.4643E+15,2463,-1.5
1.4643E+15,2464,-1.5
1.4643E+15,2465,-1.5
1.4643E+15,2466,-1.5
1.4643E+15,2467,-1.5
1.4643E+15,2468,-1.5
1.4643E+15,2469,-2
1.4643E+15,2470,-2
1.4643E+15,2471,-2.5
1.4643E+15,2472,-2.5
1.4643E+15,2473,-2.5
1.4643E+15,2474,-2.5
1.4643E+15,2475,-2.5
1.4643E+15,2476,-3
1.4643E+15,2477,-3
1.4643E+15,2478,-3.5
1.4643E+15,2479,-3.5
1.4643E+15,2480,-3.5
1.4643E+15,2481,-3.5
1.4643E+15,2482,-3.5
1.4643E+15,2483,-3.5
1.4643E+15,2484,-3.5
1.4643E+15,2485,-3.5
1.4643E+15,2486,-3.5
1.4643E+15,2487,-3.5
1.4643E+15,2488,-3.5
1.4643E+15,2489,-3.5
1.4643E+15,2490,-3.5
1.4643E+15,2491,-3.5
1.4643E+15,2492,-3.5
1.4643E+15,2493,-4
1.4643E+15,2494,-4
1.4643E+15,2495,-4
1.4643E+15,2496,-4.5
1.4643E+15,2497,-4.5
1.4643E+15,2498,-4.5
1.4643E+15,2499,-4.5
1.4643E+15,2500,-4.5
1.4643E+15,2501,-5
1.4643E+15,2502,-5
1.4643E+15,2503,-5
1.4643E+15,2504,-5
1.4643E+15,2505,-5
1.4643E+15,2506,-5
1.4643E+15,2507,-5
1.4643E+15,2508,-5
1.4643E+15,2509,-5
1.4643E+15,2510,-5
1.4643E+15,2511,-5
1.4643E+15,2512,-5
1.4643E+15,2513,-5.5
1.4643E+15,2514,-5.5
1.4643E+15,2515,-5.5
1.4643E+15,2516,-5.5
1.4643E+15,2517,-5.5
1.4643E+15,2518,-5.5
1.4643E+15,2519,-6
1.4643E+15,2520,-6
1.4643E+15,2521,-6
1.4643E+15,2522,-6
1.4643E+15,2523,-6.5
1.4643E+15,2524,-6.5
1.4643E+15,2525,-6.5
1.4643E+15,2526,-6.5
1.4643E+15,2527,-7
1.4643E+15,2528,-7
1.4643E+15,2529,-7
1.4643E+15,2530,-7
1.4643E+15,2531,-7
1.4643E+15,2532,-7
1.4643E+15,2533,-7
1.4643E+15,2534,-7
1.4643E+15,2535,-7
1.4643E+15,2536,-7
1.4643E+15,2537,-7
1.4643E+15,2538,-7
1.4643E+15,2539,-7
1.4643E+15,2540,-7
1.4643E+15,2541,-7
1.4643E+15,2542,-7
1.4643E+15,2543,-7
1.4643E+15,2544,-7
1.4643E+15,2545,-7
1.4643E+15,2546,-7
1.4643E+15,2547,-7
1.4643E+15,2548,-7
1.4643E+15,2549,-7
1.4643E+15,2550,-7
1.4643E+15,2551,-7.5
1.4643E+15,2552,-7.5
1.4643E+15,2553,-7.5
1.4643E+15,2554,-7.5
1.4643E+15,2555,-7.5
1.4643E+15,2556,-7.5
1.4643E+15,2557,-7.5
1.4643E+15,2558,-7.5
1.4643E+15,2559,-7.5
1.4643E+15,2560,-7.5
1.4643E+15,2561,-7.5
1.4643E+15,2562,-7.5
1.4643E+15,2563,-7.5
1.4643E+15,2564,-8
1.4643E+15,2565,-8
1.4643E+15,2566,-8
1.4643E+15,2567,-8
1.4643E+15,2568,-8
1.4643E+15,2569,-8
1.4643E+15,2570,-8.5
1.4643E+15,2571,-9
1.4643E+15,2572,-9
1.4643E+15,2573,-9.5
1.4643E+15,2574,-9.5
1.4643E+15,2575,-9.5
1.4643E+15,2576,-9.5
1.4643E+15,2577,-9.5
1.4643E+15,2578,-10
1.4643E+15,2579,-10
1.4643E+15,2580,-10
1.4643E+15,2581,-10.5
1.4643E+15,2582,-10.5
1.4643E+15,2583,-10.5
1.4643E+15,2584,-11
1.4643E+15,2585,-11
1.4643E+15,2586,-11
1.4643E+15,2587,-11.5
1.4643E+15,2588,-11.5
1.4643E+15,2589,-11.5
1.4643E+15,2590,-11.5
1.4643E+15,2591,-11.5
1.4643E+15,2592,-11.5
1.4643E+15,2593,-11.5
1.4643E+15,2594,-11.5
1.4643E+15,2595,-11.5
1.4643E+15,2596,-11.5
1.4643E+15,2597,-11.5
1.4643E+15,2598,-11.5
1.4643E+15,2599,-11.5
1.4643E+15,2600,-11.5
1.4643E+15,2601,-11.5
1.4643E+15,2602,-11.5
1.4643E+15,2603,-11.5
1.4643E+15,2604,-11.5
1.4643E+15,2605,-11.5
1.4643E+15,2606,-11.5
1.4643E+15,2607,-11.5
1.4643E+15,2608,-11.5
1.4643E+15,2609,-11.5
1.4643E+15,2610,-11.5
1.4643E+15,2611,-11.5
1.4643E+15,2612,-11.5
1.4643E+15,2613,-11.5
1.4643E+15,2614,-11.5
1.4643E+15,2615,-12
1.4643E+15,2616,-12
1.4643E+15,2617,-12
1.4643E+15,2618,-12
1.4643E+15,2619,-12
1.4643E+15,2620,-11.5
1.4643E+15,2621,-11.5
1.4643E+15,2622,-11.5
1.4643E+15,2623,-11.5
1.4643E+15,2624,-11.5
1.4643E+15,2625,-11.5
1.4643E+15,2626,-11.5
1.4643E+15,2627,-11.5
1.4643E+15,2628,-11.5
1.4643E+15,2629,-11.5
1.4643E+15,2630,-11.5
1.4643E+15,2631,-11.5
1.4643E+15,2632,-11.5
1.4643E+15,2633,-11.5
1.4643E+15,2634,-11.5
1.4643E+15,2635,-11.5
1.4643E+15,2636,-11.5
1.4643E+15,2637,-11.5
1.4643E+15,2638,-11.5
1.4643E+15,2639,-11.5
1.4643E+15,2640,-11.5
1.4643E+15,2641,-11.5
1.4643E+15,2642,-11.5
1.4643E+15,2643,-11.5
1.4643E+15,2644,-11.5
1.4643E+15,2645,-11.5
1.4643E+15,2646,-11.5
1.4643E+15,2647,-11.5
1.4643E+15,2648,-11.5
1.4643E+15,2649,-11.5
1.4643E+15,2650,-11.5
1.4643E+15,2651,-11.5
1.4643E+15,2652,-11
1.4643E+15,2653,-11
1.4643E+15,2654,-11
1.4643E+15,2655,-11
1.4643E+15,2656,-11
1.4643E+15,2657,-11
1.4643E+15,2658,-11
1.4643E+15,2659,-10.5
1.4643E+15,2660,-10.5
1.4643E+15,2661,-10
1.4643E+15,2662,-10
1.4643E+15,2663,-9.5
1.4643E+15,2664,-9.5
1.4643E+15,2665,-9
1.4643E+15,2666,-9
1.4643E+15,2667,-8.5
1.4643E+15,2668,-8.5
1.4643E+15,2669,-8.5
1.4643E+15,2670,-8
1.4643E+15,2671,-8
1.4643E+15,2672,-7.5
1.4643E+15,2673,-7.5
1.4643E+15,2674,-7
1.4643E+15,2675,-7
1.4643E+15,2676,-7
1.4643E+15,2677,-7
1.4643E+15,2678,-6.5
1.4643E+15,2679,-6.5
1.4643E+15,2680,-6.5
1.4643E+15,2681,-6.5
1.4643E+15,2682,-6.5
1.4643E+15,2683,-6
1.4643E+15,2684,-6
1.4643E+15,2685,-6
1.4643E+15,2686,-5.5
1.4643E+15,2687,-5
1.4643E+15,2688,-5
1.4643E+15,2689,-5
1.4643E+15,2690,-5
1.4643E+15,2691,-5
1.4643E+15,2692,-5
1.4643E+15,2693,-5.5
1.4643E+15,2694,-5.5
1.4643E+15,2695,-5.5
1.4643E+15,2696,-5.5
1.4643E+15,2697,-5.5
1.4643E+15,2698,-5.5
1.4643E+15,2699,-5.5
